RHA,22.neg.K6,22.pos.no.K6,22.pos.K6,22.neg.712,22.pos.no.712,22.pos.712,25.neg.K6,25.pos.no.K6,25.pos.K6,25.neg.712,25.pos.no.712,25.pos.712
CH,0,0,0,1,1,0,0,0,0,1,0,1
CH,0,0,0,2,0,0,0,0,0,2,0,0
CH,2,0,0,0,0,0,2,0,0,0,0,0
CH,1,0,0,1,0,0,1,0,0,1,0,0
CH,1,0,0,1,0,0,1,0,0,1,0,0
CH,0,0,0,2,0,0,0,0,0,2,0,0
CH,0,0,0,1,0,0,0,0,0,1,0,0
CH,1,0,0,0,0,0,1,0,0,0,0,0
CH,4,0,0,0,0,0,4,0,0,0,0,0
CH,0,0,0,2,0,0,0,0,0,2,0,0
CH,2,0,0,0,0,0,2,0,0,0,0,0
CH,0,1,0,0,0,0,0,0,0,0,0,0
CH,1,0,0,0,0,0,0,0,0,0,0,0
CH,0,0,0,0,0,0,0,0,0,0,0,0
CH,1,0,0,1,0,0,1,0,0,1,0,0
CH,2,0,0,0,0,0,2,0,0,0,0,0
CH,3,0,0,0,0,0,3,0,0,0,0,0
CH,0,0,0,1,0,0,0,0,0,1,0,0
CH,0,1,0,0,0,0,0,1,0,0,0,0
CH,1,0,0,1,0,0,1,0,0,1,0,0
CH,0,0,0,1,0,0,0,0,0,1,0,0
CH,0,0,0,2,0,0,0,0,0,2,0,0
CH,1,0,0,0,0,0,1,0,0,0,0,0
CH,2,0,0,0,0,0,2,0,0,0,0,0
CH,0,0,0,1,0,0,0,0,0,0,1,0
CH,1,0,0,0,0,0,1,0,0,0,0,0
CH,2,0,0,1,0,0,2,0,0,1,0,0
CH,0,0,0,2,0,0,0,0,0,2,0,0
CH,0,0,0,1,0,0,0,0,0,1,0,0
CH,0,0,0,1,0,0,0,0,0,1,0,0
CH,0,0,0,1,0,0,0,0,0,1,0,0
CH,1,0,0,0,0,0,1,0,0,0,0,0
CH,0,0,0,2,0,0,0,0,0,2,0,0
CH,2,0,0,0,0,0,2,0,0,0,0,0
CH,0,0,0,1,0,0,0,0,0,1,0,0
CH,0,0,0,2,0,0,0,0,0,2,0,0
CH,0,0,0,1,0,0,0,0,0,1,0,0
CH,1,0,0,0,0,0,1,0,0,0,0,0
CH,0,0,0,1,0,0,0,0,0,1,0,0
CH,0,0,0,1,0,0,0,0,0,1,0,0
CH,0,0,0,1,0,0,0,0,0,1,0,0
CH,2,0,0,0,0,0,2,0,0,0,0,0
CH,0,0,0,2,0,0,0,0,0,2,0,0
CH,0,0,0,0,1,0,0,0,0,0,1,0
CH,0,0,0,2,0,0,0,0,0,2,0,0
CH,2,0,0,0,0,0,2,0,0,0,0,0
CH,0,0,0,1,0,0,0,0,0,1,0,0
CH,0,0,0,1,0,0,0,0,0,1,0,0
CH,1,0,0,1,0,0,1,0,0,1,0,0
CH,1,0,0,0,0,0,1,0,0,0,0,0
CH,0,0,0,3,0,0,0,0,0,3,0,0
CH,1,0,0,2,0,0,1,0,0,2,0,0
CH,0,0,0,3,0,0,0,0,0,3,0,0
CH,1,0,0,0,0,0,1,0,0,0,0,0
CH,1,0,0,0,0,0,1,0,0,0,0,0
CH,1,0,0,1,0,0,1,0,0,1,0,0
CH,2,0,0,0,0,0,2,0,0,0,0,0
CH,2,0,0,0,0,0,2,0,0,0,0,0
CH,2,0,0,0,0,0,2,0,0,0,0,0
CH,1,0,0,0,0,0,1,0,0,0,0,0
CH,2,0,0,0,0,0,2,0,0,0,0,0
CH,2,0,0,2,0,0,2,0,0,2,0,0
CH,1,0,0,1,0,0,1,0,0,1,0,0
EH,2,0,0,0,0,0,2,0,0,0,0,0
EH,1,0,0,0,0,0,1,0,0,0,0,0
EH,2,0,0,0,0,0,2,0,0,0,0,0
EH,1,0,0,0,0,0,1,0,0,0,0,0
EH,1,0,0,1,0,0,1,0,0,1,0,0
EH,1,0,0,0,0,0,1,0,0,0,0,0
EH,1,0,0,0,0,0,1,0,0,0,0,0
EH,0,0,0,1,0,0,0,0,0,1,0,0
EH,2,0,0,0,0,0,2,0,0,0,0,0
EH,2,0,0,0,0,0,2,0,0,0,0,0
EH,1,0,0,1,0,0,1,0,0,1,0,0
EH,1,0,0,0,0,0,1,0,0,0,0,0
EH,1,0,0,0,0,0,1,0,0,0,0,0
EH,1,0,0,2,0,0,1,0,0,2,0,0
EH,0,0,0,2,0,0,0,0,0,2,0,0
EH,2,0,0,0,0,0,2,0,0,0,0,0
EH,0,0,0,1,0,0,0,0,0,1,0,0
EH,0,0,0,1,0,0,0,0,0,1,0,0
EH,1,0,0,0,0,0,1,0,0,0,0,0
EH,0,0,0,1,0,0,0,0,0,1,0,0
EH,2,0,0,0,0,0,2,0,0,0,0,0
EH,1,0,0,2,0,0,1,0,0,2,0,0
EH,0,0,0,1,0,0,0,0,0,1,0,0
EH,1,0,0,1,0,0,1,0,0,1,0,0
EH,2,0,0,0,0,0,2,0,0,0,0,0
EH,0,0,0,0,1,0,0,0,0,0,1,0
EH,1,0,0,0,0,0,1,0,0,0,0,0
EH,2,0,0,0,0,0,2,0,0,0,0,0
EH,2,0,0,0,0,0,1,2,0,0,0,0
EH,1,0,0,2,0,0,1,0,0,2,0,0
EH,1,0,0,0,0,0,1,0,0,0,0,0
EH,0,0,0,0,0,0,0,0,0,0,0,0
EH,1,0,0,0,0,0,1,0,0,0,0,0
EH,1,0,0,0,0,0,1,0,0,0,0,0
EH,1,0,0,0,0,0,1,0,0,0,0,0
EH,2,0,0,0,0,0,2,0,0,0,0,0
EH,2,0,0,0,0,0,2,0,0,0,0,0
EH,2,0,0,0,0,0,2,0,0,0,0,0
EH,2,0,0,0,0,0,2,0,0,0,0,0
EH,0,0,0,1,0,0,0,0,0,1,0,0
EH,1,0,0,2,0,0,1,0,0,2,0,0
EH,0,0,0,1,0,0,0,0,0,1,0,0
EH,0,0,0,1,0,0,0,0,0,1,0,0
EH,0,0,0,1,0,0,0,0,0,1,0,0
EH,0,0,0,1,0,0,0,0,0,1,0,0
EH,1,0,0,1,0,0,1,0,0,1,0,0
EH,2,0,0,0,0,0,2,0,0,0,0,0
EH,1,0,0,0,0,0,1,0,0,0,0,0
EH,2,0,0,0,0,0,2,0,0,0,0,0
EH,0,0,0,1,0,0,0,0,0,1,0,0
EH,0,0,0,0,0,0,0,0,0,0,0,0
EH,0,0,0,1,0,0,0,0,0,1,0,0
EH,0,0,0,1,0,0,0,0,0,1,0,0
EH,0,0,0,1,0,0,0,0,0,1,0,0
EH,0,0,0,1,0,0,0,0,0,1,0,0
EH,2,0,0,0,0,0,2,0,0,0,0,0
EH,1,0,0,1,0,0,1,0,0,1,0,0
EH,0,0,0,1,0,0,0,0,0,1,0,0
EH,1,0,0,1,0,0,1,0,0,1,0,0
EH,0,0,0,2,0,0,0,0,0,2,0,0
EH,2,0,0,2,0,0,2,0,0,2,0,0
EH,2,0,0,1,0,0,2,0,0,1,0,0
EH,0,0,0,1,0,0,0,0,0,1,0,0
EH,1,0,0,1,0,0,1,0,0,1,0,0
EH,0,0,0,2,0,0,0,0,0,2,0,0
EH,1,0,0,1,0,0,1,0,0,1,0,0
EH,1,0,0,1,0,0,1,0,0,1,0,0
EH,1,0,0,0,0,0,1,0,0,0,0,0
EH,0,0,0,2,0,0,0,0,0,2,0,0
EH,1,0,0,1,0,0,1,0,0,1,0,0
EH,0,0,0,2,0,0,0,0,0,2,0,0
EH,0,0,0,1,0,0,0,0,0,1,0,0
EH,0,0,0,0,1,0,0,0,0,0,0,0
EH,0,0,0,2,0,0,0,0,0,2,0,0
EH,1,0,0,1,0,0,1,0,0,1,0,0
EH,0,0,0,1,0,0,0,0,0,1,0,0
EH,1,0,0,0,0,0,1,0,0,0,0,0
EH,4,0,0,0,0,0,3,0,0,0,0,0
EH,1,0,0,0,0,0,1,0,0,0,0,0
EH,1,0,0,0,0,0,1,0,0,0,0,0
EH,2,0,0,0,0,0,2,0,0,0,0,0
EH,2,0,0,0,0,0,2,0,0,0,0,0
EH,1,0,0,2,0,0,1,0,0,2,0,0
EH,2,0,0,1,0,0,2,0,0,1,0,0
EH,0,1,0,0,2,0,1,0,0,2,0,0
EH,0,0,1,0,0,0,0,0,1,0,0,0
EH,0,0,2,0,0,0,0,0,2,0,0,0
EH,0,0,0,1,0,1,0,0,0,0,0,2
EH,0,0,0,1,0,0,0,0,0,1,0,0
EH,1,0,0,0,0,0,1,0,0,0,0,0
EH,3,0,0,0,0,0,3,0,0,0,0,0
EH,4,0,0,0,0,0,4,0,0,0,0,0
EH,1,0,0,0,0,0,1,0,0,0,0,0
EH,1,0,0,0,0,0,1,0,0,0,0,0
EH,1,0,0,1,0,0,1,0,0,1,0,0
EH,0,0,0,1,0,0,0,0,0,1,0,0
EH,1,0,0,1,0,0,1,0,0,1,0,0
EH,0,0,0,2,0,0,0,0,0,2,0,0
EH,0,0,1,1,0,0,0,0,1,1,0,0
EH,2,0,0,0,0,0,2,0,0,0,0,0
EH,0,0,0,1,0,0,0,0,0,1,0,0
EH,0,0,0,1,0,0,0,0,0,1,0,0
EH,0,0,0,1,0,0,0,0,0,1,0,0
EH,2,0,0,0,0,0,2,0,0,0,0,0
EH,0,0,0,1,0,0,0,0,0,1,0,0
EH,0,0,0,2,0,0,0,0,0,2,0,0
EH,0,0,0,0,0,0,0,0,0,0,0,0
EH,0,0,0,2,0,0,0,0,0,2,0,0
EH,1,0,0,1,0,0,1,0,0,1,0,0
EH,0,0,0,1,0,0,0,0,0,1,0,0
EH,1,0,0,1,0,0,1,0,0,1,0,0
EH,1,0,0,1,0,0,1,0,0,1,0,0
EH,0,0,0,1,0,0,0,0,0,1,0,0
EH,0,0,0,2,0,0,0,0,0,2,0,0
EH,1,0,0,0,0,0,1,0,0,0,0,0
EH,1,0,0,1,0,0,1,0,0,1,0,0
EH,2,0,0,0,0,0,2,0,0,0,0,0
EH,1,0,0,1,0,0,1,0,0,1,0,0
EH,0,0,0,1,0,0,0,0,0,1,0,0
EH,2,0,0,0,0,0,2,0,0,0,0,0
EH,1,0,0,0,0,0,1,0,0,0,0,0
EH,1,0,0,1,0,0,1,0,0,1,0,0
EH,1,0,0,2,0,0,1,0,0,2,0,0
EH,0,0,0,1,0,0,0,0,0,1,0,0
EH,0,0,0,2,0,0,0,0,0,2,0,0
EH,0,0,0,1,0,0,0,0,0,1,0,0
EH,1,0,0,0,0,0,1,0,0,0,0,0
EH,1,0,0,2,0,0,1,0,0,2,0,0
EH,0,0,0,1,0,0,0,0,0,1,0,0
EH,0,0,0,1,0,0,0,0,0,1,0,0
EH,2,0,0,1,0,0,2,0,0,1,0,0
EH,1,0,0,0,0,0,1,0,0,0,0,0
EH,3,0,0,0,0,0,0,3,0,1,0,0
EH,2,0,0,0,0,0,2,0,0,0,0,0
EH,0,0,0,1,0,0,0,0,0,1,0,0
EH,0,0,0,1,0,0,0,0,0,1,0,0
EH,0,1,0,0,0,0,0,1,0,0,0,0
EH,0,0,0,1,0,0,0,0,0,1,0,0
EH,1,0,0,0,0,0,1,0,0,0,0,0
EH,0,0,0,0,0,0,0,0,0,0,0,0
EH,1,0,0,0,0,0,1,0,0,0,0,0
EH,1,0,0,0,0,0,1,0,0,0,0,0
EH,2,0,0,0,0,0,2,0,0,0,0,0
EH,1,0,0,1,0,0,1,0,0,1,0,0
EH,0,0,0,3,0,0,0,0,0,3,0,0
EH,0,0,0,2,0,0,0,0,0,2,0,0
EH,2,0,0,0,0,0,2,0,0,0,0,0
EH,2,0,0,0,0,0,2,0,0,0,0,0
EH,0,0,0,2,0,0,0,0,0,2,0,0
EH,1,0,0,0,0,0,1,0,0,0,0,0
EH,2,0,0,0,0,0,2,0,0,0,0,0
EH,3,0,0,0,0,0,3,0,0,0,0,0
EH,1,0,0,0,0,0,1,0,0,0,0,0
EH,1,0,0,1,0,0,1,0,0,1,0,0
EH,1,0,0,1,0,0,1,0,0,1,0,0
EH,2,0,0,0,0,0,2,0,0,0,0,0
EH,1,0,0,0,0,0,1,0,0,0,0,0
EH,0,0,0,1,0,0,0,0,0,1,0,0
EH,2,0,0,0,0,0,2,0,0,0,0,0
EH,0,0,0,2,0,0,0,0,0,2,0,0
EH,0,0,0,2,0,0,0,0,0,2,0,0
EH,1,0,0,1,0,0,1,0,0,1,0,0
EH,1,0,0,1,0,0,1,0,0,1,0,0
EH,2,0,0,0,0,0,2,0,0,0,0,0
EH,3,0,0,0,0,0,1,2,0,0,0,0
EH,0,0,0,2,0,0,0,0,0,2,0,0
EH,2,0,0,1,0,0,2,0,0,1,0,0
EH,2,0,0,0,0,0,2,0,0,0,0,0
EH,2,0,0,0,0,0,2,0,0,0,0,0
EH,1,0,0,1,0,0,1,0,0,1,0,0
EH,2,0,0,0,0,0,2,0,0,0,0,0
EH,0,0,0,1,0,0,0,0,0,1,0,0
EH,1,0,0,0,0,0,1,0,0,0,0,0
EH,1,0,0,0,0,0,1,0,0,0,0,0
EH,0,0,0,1,0,0,0,0,0,1,0,0
EH,0,0,0,0,0,0,0,0,0,0,0,0
EH,1,0,0,1,0,0,1,0,0,1,0,0
EH,1,0,0,0,0,0,1,0,0,0,0,0
EH,2,0,0,0,0,0,2,0,0,0,0,0
EH,1,0,0,1,0,0,1,0,0,1,0,0
EH,0,0,0,0,0,0,0,0,0,0,0,0
EH,2,0,0,1,0,0,2,0,0,1,0,0
EH,0,0,0,1,0,0,0,0,0,1,0,0
EH,0,0,0,1,0,0,0,0,0,1,0,0
EH,1,0,0,0,0,0,1,0,0,0,0,0
EH,1,0,0,0,0,0,1,0,0,0,0,0
EH,2,0,0,0,0,0,2,0,0,0,0,0
EH,1,0,0,0,0,0,1,0,0,0,0,0
EH,2,0,0,0,0,0,2,0,0,0,0,0
EH,0,0,0,2,0,0,0,0,0,2,0,0
EH,5,0,0,0,0,0,5,0,0,0,0,0
EH,1,0,0,1,0,0,1,0,0,1,0,0
EH,0,0,0,1,0,0,0,0,0,1,0,0
EH,1,0,0,1,0,0,1,0,0,1,0,0
EH,0,0,0,2,0,0,0,0,0,2,0,0
EH,2,0,0,0,0,0,2,0,0,0,0,0
EH,1,0,0,2,0,0,1,0,0,2,0,0
EH,2,0,0,0,0,0,2,0,0,0,0,0
EH,0,0,0,0,0,0,0,0,0,0,0,0
EH,0,0,0,1,0,0,0,0,0,1,0,0
EH,1,0,0,1,0,0,1,0,0,1,0,0
EH,1,0,0,0,0,0,1,0,0,0,0,0
EH,2,0,0,0,0,0,2,0,0,0,0,0
EH,0,0,0,1,0,0,0,0,0,1,0,0
EH,1,0,0,0,0,0,1,0,0,0,0,0
EH,0,1,0,0,0,1,1,0,0,1,0,0
EH,1,0,0,2,0,0,1,0,0,2,0,0
EH,2,0,0,0,0,0,2,0,0,0,0,0
EH,0,0,0,1,0,0,0,0,0,1,0,0
EH,0,0,0,1,0,0,0,0,0,1,0,0
EH,0,0,0,1,0,0,0,0,0,0,0,0
EH,2,0,0,0,0,0,2,0,0,0,0,0
EH,0,0,0,2,0,0,0,0,0,2,0,0
EH,1,0,0,2,0,0,1,0,0,2,0,0
EH,0,0,0,2,0,0,0,0,0,2,0,0
EH,1,0,0,1,0,0,1,0,0,1,0,0
EH,0,0,0,2,0,0,0,0,0,2,0,0
EH,0,0,0,1,0,0,0,0,0,1,0,0
EH,0,0,0,2,0,0,0,0,0,2,0,0
EH,1,0,0,0,0,0,1,0,0,0,0,0
EH,0,0,0,2,0,0,0,0,0,2,0,0
EH,1,0,0,1,0,0,1,0,0,1,0,0
EH,2,0,0,0,0,0,2,0,0,0,0,0
EH,0,0,0,1,0,0,0,0,0,1,0,0
EH,0,0,0,1,0,0,0,0,0,1,0,0
EH,0,0,0,2,0,0,0,0,0,2,0,0
EH,0,0,0,0,0,0,0,0,0,0,0,0
EH,1,0,0,1,0,0,1,0,0,1,0,0
EH,0,1,0,0,1,0,0,1,0,0,1,0
EH,1,0,0,0,0,0,1,0,0,0,0,0
EH,3,0,0,0,0,0,3,0,0,0,0,0
EH,1,0,0,1,0,0,1,0,0,1,0,0
EH,0,1,0,0,0,0,0,1,0,0,0,0
EH,1,0,0,0,0,0,0,0,0,0,0,0
EH,1,0,0,0,0,0,1,0,0,0,0,0
EH,1,0,0,1,0,0,1,0,0,1,0,0
EH,1,0,0,0,0,0,1,0,0,0,0,0
EH,1,0,0,1,0,0,1,0,0,1,0,0
EH,0,0,0,3,0,0,0,0,0,3,0,0
EH,2,0,0,0,0,0,2,0,0,0,0,0
EH,1,0,0,2,0,0,1,0,0,2,0,0
EH,0,0,0,2,0,0,0,0,0,1,0,1
EH,1,0,0,0,0,0,1,0,0,0,0,0
EH,1,0,0,0,0,0,1,0,0,0,0,0
EH,2,0,0,0,0,0,2,0,0,0,0,0
EH,0,0,0,2,0,0,0,0,0,2,0,0
EH,1,0,0,0,0,0,1,0,0,0,0,0
EH,1,0,0,1,0,0,1,0,0,1,0,0
EH,1,0,0,1,0,0,1,0,0,1,0,0
EH,0,0,0,2,0,0,0,0,0,2,0,0
EH,1,0,0,1,0,0,1,0,0,1,0,0
EH,0,0,0,2,0,0,0,0,0,2,0,0
EH,2,0,0,0,0,0,2,0,0,0,0,0
EH,2,0,0,0,0,0,2,0,0,0,0,0
EH,1,0,0,2,0,0,1,0,0,2,0,0
EH,1,0,0,0,0,0,1,0,0,0,0,0
EH,1,0,0,2,0,0,1,0,0,2,0,0
EH,0,0,0,1,0,0,0,0,0,1,0,0
EH,2,0,0,0,0,0,2,0,0,0,0,0
EH,2,0,0,0,0,0,2,0,0,0,0,0
EH,1,0,0,0,0,0,1,0,0,0,0,0
EH,2,0,0,0,0,0,2,0,0,0,0,0
EH,1,0,0,1,0,0,1,0,0,1,0,0
EH,1,0,0,1,0,0,1,0,0,1,0,0
EH,1,0,0,0,0,0,1,0,0,0,0,0
EH,0,0,0,2,0,0,0,0,0,2,0,0
EH,0,0,0,1,0,0,0,0,0,1,0,0
EH,1,0,1,1,0,0,0,0,2,0,0,1
EH,0,0,0,1,0,0,0,0,0,1,0,0
EH,0,0,0,2,0,0,0,0,0,2,0,0
EH,1,0,0,0,0,0,1,0,0,0,0,0
EH,0,0,0,2,0,0,0,0,0,2,0,0
EH,1,0,0,0,0,0,1,0,0,0,0,0
EH,1,0,0,0,0,0,1,0,0,0,0,0
EH,0,0,0,1,0,0,0,0,0,1,0,0
EH,1,0,0,1,0,0,1,0,0,1,0,0
EH,2,0,0,0,0,0,2,0,0,0,0,0
EH,0,0,0,1,0,0,0,0,0,1,0,0
EH,2,0,0,0,0,0,2,0,0,0,0,0
EH,1,0,0,0,0,0,1,0,0,0,0,0
EH,1,0,0,0,0,0,1,0,0,0,0,0
EH,1,0,0,0,0,0,1,0,0,0,0,0
EH,2,0,0,1,0,0,2,0,0,1,0,0
EH,1,0,0,0,0,0,1,0,0,0,0,0
EH,0,0,0,1,0,0,0,0,0,1,0,0
EH,1,0,0,0,0,0,1,0,0,0,0,0
EH,1,0,0,1,0,0,1,0,0,1,0,0
EH,1,0,0,1,0,0,1,0,0,1,0,0
EH,2,0,0,0,0,0,2,0,0,0,0,0
EH,2,0,0,0,0,0,2,0,0,0,0,0
EH,2,0,0,1,0,0,2,0,0,1,0,0
EH,1,0,0,1,0,0,1,0,0,1,0,0
EH,1,0,0,0,0,0,1,0,0,0,0,0
EH,2,0,0,0,0,0,2,0,0,0,0,0
EH,2,0,0,0,0,0,2,0,0,0,0,0
EH,0,0,0,2,0,0,0,0,0,2,0,0
EH,1,0,0,0,0,0,1,0,0,0,0,0
EH,0,0,0,2,0,0,0,0,0,2,0,0
EH,1,0,0,0,0,0,0,0,1,0,0,0
EH,2,0,0,0,0,0,2,0,0,0,0,0
EH,1,0,0,0,0,0,1,0,0,0,0,0
EH,1,0,0,0,0,0,1,0,0,0,0,0
EH,0,0,0,1,0,0,0,0,0,1,0,0
EH,0,0,0,2,0,0,0,0,0,2,0,0
EH,2,0,0,0,0,0,2,0,0,0,0,0
EH,0,0,0,1,0,0,0,0,0,1,0,0
EH,1,0,0,0,0,0,1,0,0,0,0,0
EH,1,0,0,0,0,0,0,0,0,0,0,0
EH,2,0,0,0,0,0,2,0,0,0,0,0
EH,0,0,0,0,0,0,0,0,0,0,0,0
EH,0,0,0,2,0,0,0,0,0,2,0,0
EH,0,0,0,2,0,0,0,0,0,2,0,0
EH,1,0,0,0,0,0,1,0,0,0,0,0
EH,2,0,0,2,0,0,2,0,0,2,0,0
EH,1,0,0,2,0,0,1,0,0,2,0,0
EH,0,0,0,0,0,1,0,0,0,1,0,0
EH,2,0,0,0,0,0,2,0,0,0,0,0
EH,0,0,0,0,0,0,0,0,0,0,0,0
EH,1,0,0,0,0,0,1,0,0,0,0,0
EH,2,0,0,0,0,0,2,0,0,0,0,0
EH,2,0,0,0,0,0,2,0,0,0,0,0
EH,1,0,0,2,0,0,1,0,0,2,0,0
EH,2,0,0,0,0,0,2,0,0,0,0,0
EH,0,0,0,1,0,0,0,0,0,1,0,0
EH,1,0,0,1,0,0,1,0,0,1,0,0
EH,2,0,0,0,0,0,2,0,0,0,0,0
EH,0,0,0,1,0,0,0,0,0,1,0,0
EH,1,0,0,0,0,0,1,0,0,0,0,0
EH,1,0,0,0,0,0,1,0,0,0,0,0
EH,0,0,0,0,0,0,0,0,0,0,0,0
EH,1,0,0,0,0,0,1,0,0,0,0,0
EH,2,0,0,0,0,0,2,0,0,0,0,0
EH,1,0,0,0,0,0,1,0,0,0,0,0
EH,2,0,0,0,0,0,2,0,0,0,0,0
EH,2,0,0,0,0,0,2,0,0,0,0,0
EH,1,0,0,0,0,0,1,0,0,0,0,0
EH,0,0,0,1,0,0,0,0,0,1,0,0
EH,1,0,0,1,0,0,1,0,0,1,0,0
EH,1,0,0,1,0,0,1,0,0,1,0,0
EH,0,0,0,1,0,0,0,0,0,1,0,0
EH,1,0,0,0,0,0,1,0,0,0,0,0
EH,0,0,0,0,0,0,0,0,0,0,0,0
EH,1,0,0,1,0,0,1,0,0,1,0,0
EH,2,0,0,0,0,0,2,0,0,0,0,0
EH,2,0,0,0,0,0,2,0,0,0,0,0
EH,1,0,0,1,0,0,1,0,0,1,0,0
EH,1,1,0,0,0,0,1,1,0,0,0,0
EH,1,0,0,0,0,0,1,0,0,0,0,0
EH,1,0,0,0,0,0,1,0,0,0,0,0
EH,2,0,0,0,0,0,2,0,0,0,0,0
EH,1,0,0,0,0,0,1,0,0,0,0,0
EH,2,0,0,0,0,0,2,0,0,0,0,0
EH,0,0,0,1,0,0,0,0,0,1,0,0
EH,1,0,0,0,0,0,1,0,0,0,0,0
EH,0,0,0,1,0,0,0,0,0,1,0,0
EH,1,0,0,0,0,0,1,0,0,0,0,0
EH,1,0,0,0,0,0,1,0,0,0,0,0
EH,0,0,0,1,0,0,0,0,0,1,0,0
EH,1,0,0,2,0,0,1,0,0,1,1,0
EH,1,0,0,1,0,0,1,0,0,1,0,0
EH,1,0,0,0,0,0,1,0,0,0,0,0
EH,1,0,0,0,0,0,1,0,0,0,0,0
EH,1,0,0,0,0,0,1,0,0,0,0,0
EH,1,0,0,0,0,0,1,0,0,0,0,0
EH,2,0,0,0,0,0,2,0,0,0,0,0
EH,2,0,0,0,0,0,2,0,0,0,0,0
EH,1,0,0,2,0,0,1,0,0,2,0,0
EH,2,0,0,0,0,0,2,0,0,0,0,0
EH,2,0,0,0,0,0,2,0,0,0,0,0
EH,1,0,0,0,0,0,1,0,0,0,0,0
EH,1,0,0,0,0,0,1,0,0,0,0,0
EH,1,0,0,3,0,0,1,0,0,3,0,0
EH,0,0,0,1,0,0,0,0,0,1,0,0
EH,1,0,0,0,0,0,1,0,0,0,0,0
EH,0,0,0,2,0,0,0,0,0,2,0,0
EH,0,0,0,1,0,0,0,0,0,1,0,0
EH,0,0,0,2,0,0,0,0,0,2,0,0
EH,0,0,0,1,0,0,0,0,0,1,0,0
EH,1,0,0,1,0,0,1,0,0,1,0,0
EH,2,0,0,0,0,0,2,0,0,0,0,0
EH,2,0,0,1,0,0,2,0,0,1,0,0
EH,1,0,0,0,0,0,1,0,0,0,0,0
EH,1,0,0,1,0,0,1,0,0,1,0,0
EH,1,0,0,0,0,0,1,0,0,0,0,0
EH,1,0,0,0,0,0,1,0,0,0,0,0
EH,1,0,0,0,0,0,1,0,0,0,0,0
EH,2,0,0,0,0,0,2,0,0,0,0,0
EH,0,0,0,1,0,0,0,0,0,1,0,0
EH,1,0,0,0,0,0,1,0,0,0,0,0
EH,2,0,0,2,0,0,2,0,0,2,0,0
EH,0,0,0,1,0,0,0,0,0,1,0,0
EH,0,0,0,2,0,0,0,0,0,2,0,0
EH,2,0,0,0,0,0,2,0,0,0,0,0
EH,0,0,0,1,0,0,0,0,0,1,0,0
EH,2,0,0,1,0,0,2,0,0,1,0,0
EH,0,0,0,1,0,0,0,0,0,1,0,0
EH,1,0,0,0,0,0,1,0,0,0,0,0
EH,1,0,0,1,0,0,1,0,0,1,0,0
EH,0,0,0,1,0,0,0,0,0,1,0,0
EH,0,0,0,1,0,0,0,0,0,1,0,0
EH,2,0,0,0,0,0,2,0,0,0,0,0
EH,1,0,0,0,0,0,1,0,0,0,0,0
EH,1,0,0,0,0,0,1,0,0,0,0,0
EH,1,0,0,1,0,0,1,0,0,1,0,0
EH,1,0,0,0,0,0,0,0,1,0,0,0
EH,0,0,0,1,0,0,0,0,0,1,0,0
EH,1,0,0,2,0,0,1,0,0,2,0,0
EH,1,0,0,0,0,0,1,0,0,0,0,0
EH,1,0,0,0,0,0,1,0,0,0,0,0
EH,1,0,0,0,0,0,1,0,0,0,0,0
EH,1,0,0,0,0,0,1,0,0,0,0,0
EH,0,0,0,2,0,0,0,0,0,2,0,0
EH,2,0,0,0,0,0,2,0,0,0,0,0
EH,1,0,0,0,0,0,1,0,0,0,0,0
EH,1,0,0,0,0,0,1,0,0,0,0,0
EH,0,0,0,0,1,0,0,0,0,0,0,0
EH,1,0,0,0,0,0,1,0,0,0,0,0
EH,1,0,0,0,0,0,1,0,0,0,0,0
EH,1,0,0,0,0,0,1,0,0,0,0,0
EH,1,0,0,1,0,0,1,0,0,1,0,0
EH,1,0,0,1,0,0,1,0,0,1,0,0
EH,0,0,0,1,0,0,0,0,0,1,0,0
EH,1,0,0,0,0,0,1,0,0,0,0,0
EH,0,0,0,0,0,0,0,0,0,0,0,0
EH,1,0,0,1,0,0,1,0,0,1,0,0
EH,0,0,0,0,0,1,0,0,0,0,0,1
EH,1,0,0,1,0,0,1,0,0,1,0,0
EH,2,0,0,0,0,0,2,0,0,0,0,0
EH,0,0,0,0,0,0,0,0,0,0,0,0
EH,2,0,0,0,0,0,2,0,0,0,0,0
EH,1,0,0,0,0,0,1,0,0,0,0,0
EH,0,0,0,1,0,0,0,0,0,1,0,0
EH,0,0,0,0,0,0,0,0,0,0,0,0
EH,2,0,0,0,0,0,2,0,0,0,0,0
EH,2,0,0,1,0,0,2,0,0,1,0,0
EH,1,0,0,1,0,0,1,0,0,1,0,0
EH,1,0,0,0,0,0,1,0,0,0,0,0
EH,0,0,0,2,0,0,0,0,0,2,0,0
EH,0,0,0,1,0,0,0,0,0,0,0,0
EH,1,0,0,0,0,0,1,0,0,0,0,0
EH,2,0,0,1,0,0,2,0,0,1,0,0
EH,0,0,0,1,0,0,0,0,0,1,0,0
EH,0,0,0,2,0,0,0,0,0,2,0,0
EH,1,0,0,1,0,0,1,0,0,1,0,0
EH,1,0,0,0,0,0,1,0,0,0,0,0
EH,1,0,0,0,0,0,1,0,0,0,0,0
EH,1,0,0,1,0,0,1,0,0,1,0,0
EH,1,0,0,0,0,0,1,0,0,0,0,0
EH,1,0,0,0,0,0,1,0,0,0,0,0
EH,1,0,0,0,0,0,1,0,0,0,0,0
EH,2,0,0,0,0,0,2,0,0,0,0,0
EH,0,0,0,2,0,0,0,0,0,2,0,0
EH,0,0,0,1,0,0,0,0,0,1,0,0
EH,1,0,0,0,0,0,1,0,0,0,0,0
EH,1,0,0,0,0,0,1,0,0,0,0,0
EH,1,0,0,0,0,0,1,0,0,0,0,0
EH,1,0,0,0,0,0,1,0,0,0,0,0
EH,1,0,0,1,0,0,1,0,0,1,0,0
EH,1,0,0,2,0,0,1,0,0,2,0,0
EH,2,0,0,0,0,0,2,0,0,0,0,0
EH,2,0,0,0,0,0,2,0,0,0,0,0
EH,1,0,0,1,0,0,1,0,0,1,0,0
EH,0,0,0,1,0,0,0,0,0,1,0,0
EH,0,0,0,0,0,0,0,0,0,0,0,0
EH,1,0,0,1,0,0,1,0,0,1,0,0
EH,1,0,0,1,0,0,1,0,0,1,0,0
EH,1,0,0,1,0,0,1,0,0,1,0,0
EH,1,0,0,0,0,0,1,0,0,0,0,0
EH,2,0,0,0,0,0,2,0,0,0,0,0
EH,1,0,0,0,0,0,1,0,0,0,0,0
EH,1,0,0,0,0,0,1,0,0,0,0,0
EH,2,0,0,0,0,0,2,0,0,0,0,0
EH,1,0,0,1,0,0,1,0,0,1,0,0
EH,0,0,0,1,0,0,0,0,0,1,0,0
EH,1,0,0,0,0,0,1,0,0,0,0,0
EH,2,0,0,0,0,0,1,1,0,0,0,0
EH,0,0,0,1,0,0,0,0,0,1,0,0
EH,0,1,0,1,0,0,0,0,1,0,1,0
EH,2,0,0,0,0,0,2,0,0,0,0,0
EH,1,0,0,1,0,0,1,0,0,1,0,0
EH,1,0,0,0,0,0,1,0,0,0,0,0
EH,0,0,0,1,0,0,0,0,0,1,0,0
EH,2,0,0,0,0,0,2,0,0,0,0,0
EH,2,0,0,0,0,0,2,0,0,0,0,0
EH,0,0,0,2,0,0,0,0,0,2,0,0
EH,2,0,0,0,0,0,2,0,0,0,0,0
EH,2,0,0,0,0,0,2,0,0,0,0,0
EH,1,0,1,1,0,0,0,0,2,1,0,0
EH,1,0,0,1,0,0,1,0,0,1,0,0
EH,1,0,0,2,0,0,1,0,0,2,0,0
EH,0,0,0,0,0,0,0,0,0,0,0,0
EH,0,0,0,0,0,0,0,0,0,0,0,0
EH,0,0,0,0,0,0,0,0,0,0,0,0
EH,2,2,0,0,0,0,2,0,0,0,0,0
EH,0,0,0,1,0,0,0,0,0,1,0,0
EH,0,0,0,2,0,0,0,0,0,2,0,0
EH,1,0,0,0,0,0,1,0,0,0,0,0
EH,0,0,0,1,0,0,0,0,0,1,0,0
EH,0,0,0,2,0,0,0,0,0,2,0,0
EH,2,0,0,1,0,0,2,0,0,1,0,0
EH,2,0,0,1,0,0,2,0,0,1,0,0
EH,1,0,0,1,0,0,1,0,0,1,0,0
EH,1,0,0,2,0,0,1,0,0,2,0,0
EH,1,0,0,0,0,0,1,0,0,0,0,0
EH,2,0,0,0,0,0,2,0,0,0,0,0
EH,1,0,0,0,0,0,1,0,0,0,0,0
EH,1,0,0,0,0,0,1,0,0,0,0,0
EH,0,0,0,1,0,0,0,0,0,1,0,0
EH,1,0,0,0,0,0,1,0,0,0,0,0
EH,2,0,0,0,0,0,2,0,0,0,0,0
EH,1,0,0,0,0,0,1,0,0,0,0,0
EH,2,0,0,0,0,0,2,0,0,0,0,0
EH,1,0,0,0,0,0,1,0,0,0,0,0
EH,0,0,0,1,0,0,0,0,0,1,0,0
EH,1,0,0,0,0,0,1,0,0,0,0,0
EH,2,0,0,0,0,0,2,0,0,0,0,0
EH,1,0,0,0,0,0,1,0,0,0,0,0
EH,0,0,0,2,0,0,0,0,0,2,0,0
EH,1,0,0,1,0,0,1,0,0,1,0,0
EH,2,0,0,0,0,0,2,0,0,0,0,0
EH,1,0,0,0,0,0,1,0,0,0,0,0
EH,1,0,0,1,0,0,1,0,0,1,0,0
EH,1,0,0,0,0,0,1,0,0,0,0,0
EH,1,0,0,2,0,0,1,0,0,2,0,0
EH,1,0,0,0,0,0,1,0,0,0,0,0
EH,1,0,0,0,0,0,1,0,0,0,0,0
EH,2,0,0,0,0,0,2,0,0,0,0,0
EH,2,0,0,0,0,0,2,0,0,0,0,0
EH,0,0,0,1,0,0,0,0,0,1,0,0
EH,0,0,0,2,0,0,0,0,0,2,0,0
EH,0,0,0,1,0,0,0,0,0,1,0,0
EH,0,0,0,2,0,0,0,0,0,2,0,0
EH,0,0,0,2,0,0,0,0,0,2,0,0
EH,2,0,0,0,0,0,2,0,0,0,0,0
EH,0,0,0,1,0,0,0,0,0,1,0,0
EH,1,0,0,0,0,0,1,0,0,0,0,0
EH,0,0,0,3,0,0,0,0,0,3,0,0
EH,1,0,0,0,0,0,1,0,0,0,0,0
EH,1,0,0,1,0,0,1,0,0,1,0,0
EH,1,0,0,0,0,0,1,0,0,0,0,0
EH,1,0,0,1,0,0,1,0,0,1,0,0
EH,2,0,0,0,0,0,2,0,0,0,0,0
EH,2,0,0,0,0,0,2,0,0,0,0,0
EH,0,0,0,2,0,0,0,0,0,2,0,0
EH,1,0,0,0,0,0,1,0,0,0,0,0
EH,0,0,0,1,0,0,0,0,0,1,0,0
EH,1,0,0,2,0,0,1,0,0,2,0,0
EH,1,0,0,1,0,0,1,0,0,2,0,0
EH,0,0,0,2,0,0,0,0,0,2,0,0
EH,0,0,0,0,0,0,0,0,0,0,0,0
EH,1,0,0,0,0,0,1,0,0,0,0,0
EH,0,0,0,0,1,0,0,0,0,0,1,0
EH,1,0,0,1,0,0,1,0,0,1,0,0
EH,1,0,0,0,0,0,0,0,0,0,0,0
EH,1,0,0,2,0,0,1,0,0,2,0,0
EH,2,0,0,0,0,0,2,0,0,0,0,0
EH,0,0,0,1,0,0,0,0,0,1,0,0
EH,0,0,0,2,0,0,0,0,0,2,0,0
EH,2,0,0,0,0,0,2,0,0,0,0,0
EH,0,0,0,1,0,0,0,0,0,1,0,0
EH,0,0,0,2,0,0,0,0,0,2,0,0
EH,0,0,0,4,0,0,0,0,0,4,0,0
EH,0,0,0,1,0,0,0,0,0,1,0,0
EH,0,0,0,1,0,0,0,0,0,1,0,0
EH,1,0,0,2,0,0,1,0,0,2,0,0
EH,0,0,0,0,0,0,0,0,0,0,0,0
EH,0,0,0,1,0,0,0,0,0,1,0,0
EH,0,0,0,0,0,0,0,0,0,0,0,0
EH,1,0,0,0,0,0,1,0,0,0,0,0
EH,1,0,0,0,0,0,1,0,0,0,0,0
EH,1,0,0,1,0,0,1,0,0,1,0,0
EH,1,0,0,0,0,0,1,0,0,0,0,0
EH,1,0,0,2,0,0,0,0,1,2,0,0
EH,1,0,0,1,0,0,1,0,0,1,0,0
EH,0,0,0,2,0,0,0,0,0,2,0,0
EH,0,0,0,2,0,0,0,0,0,2,0,0
EH,2,0,0,0,0,0,2,0,0,0,0,0
EH,0,0,0,1,0,0,0,0,0,1,0,0
EH,1,0,0,1,0,0,1,0,0,1,0,0
EH,1,0,0,0,0,0,1,0,0,0,0,0
EH,1,0,0,0,0,0,1,0,0,0,0,0
EH,1,0,0,0,0,0,1,0,0,0,0,0
EH,0,0,0,1,0,0,0,0,0,1,0,0
EH,1,0,0,0,0,0,1,0,0,0,0,0
EH,1,0,0,2,0,0,1,0,0,2,0,0
EH,0,0,0,0,0,0,0,0,0,0,0,0
EH,0,0,0,1,0,0,0,0,0,1,0,0
EH,0,0,0,0,0,0,0,0,0,0,0,0
EH,2,0,0,0,0,0,2,0,0,0,0,0
EH,0,0,0,1,0,0,0,0,0,1,0,0
EH,2,0,0,0,0,0,2,0,0,0,0,0
EH,1,0,0,0,0,0,1,0,0,0,0,0
EH,1,0,0,0,0,0,1,0,0,0,0,0
EH,1,0,0,1,0,0,0,2,0,2,0,0
EH,0,0,0,2,0,0,0,0,0,2,0,0
EH,2,0,0,0,0,0,2,0,0,0,0,0
EH,2,0,0,0,0,0,2,0,0,0,0,0
EH,1,0,0,1,0,0,1,0,0,1,0,0
EH,0,0,0,1,0,0,0,0,0,1,0,0
EH,1,0,0,0,0,0,1,0,0,0,0,0
EH,1,0,0,0,0,0,1,0,0,0,0,0
EH,1,0,0,1,0,0,1,0,0,1,0,0
EH,1,0,0,1,0,0,1,0,0,1,0,0
EH,1,0,0,1,0,0,1,0,0,1,0,0
EH,0,0,0,2,0,0,0,0,0,2,0,0
EH,0,0,2,0,0,0,0,0,2,0,0,0
EH,1,0,0,0,0,0,1,0,0,0,0,0
EH,1,0,0,0,0,0,1,0,0,0,0,0
EH,0,0,0,2,0,0,0,0,0,2,0,0
EH,1,0,0,0,0,0,1,0,0,0,0,0
EH,1,0,0,1,0,0,1,0,0,1,0,0
EH,0,0,0,1,0,0,0,0,0,1,0,0
EH,2,0,0,0,0,0,2,0,0,0,0,0
EH,2,0,0,0,0,0,2,0,0,0,0,0
EH,0,0,0,1,0,0,0,0,0,1,0,0
EH,2,0,0,0,0,0,2,0,0,0,0,0
EH,0,0,0,1,0,0,0,0,0,1,0,0
EH,2,0,0,0,0,0,2,0,0,0,0,0
EH,0,0,0,1,0,0,0,0,0,1,0,0
EH,1,0,0,0,0,0,1,0,0,0,0,0
EH,1,0,0,0,0,0,1,0,0,0,0,0
EH,1,0,0,0,2,0,1,0,0,0,2,0
EH,0,0,0,1,0,0,0,0,0,1,0,0
EH,0,0,0,2,0,0,0,0,0,2,0,0
EH,1,0,0,0,0,0,1,0,0,0,0,0
EH,1,0,0,0,0,0,1,0,0,0,0,0
EH,1,0,0,0,0,0,1,0,0,0,0,0
EH,1,0,0,0,0,0,1,0,0,0,0,0
EH,0,0,0,1,0,0,0,0,0,1,0,0
EH,1,0,0,0,0,0,1,0,0,0,0,0
EH,1,0,0,0,0,0,1,0,0,0,0,0
EH,0,0,0,2,0,0,0,0,0,2,0,0
EH,2,0,0,0,0,0,2,0,0,0,0,0
EH,0,0,0,2,0,0,0,0,0,2,0,0
EH,0,0,0,1,0,0,0,0,0,1,0,0
EH,1,0,0,1,0,0,1,0,0,1,0,0
EH,0,0,0,1,0,0,0,0,0,1,0,0
EH,1,0,0,0,0,0,1,0,0,0,0,0
EH,2,0,0,0,0,0,2,0,0,0,0,0
EH,0,1,0,1,0,0,0,1,0,1,0,0
EH,0,0,0,1,0,0,0,0,0,1,0,0
EH,0,0,0,0,0,0,0,0,1,0,0,0
EH,1,0,0,1,0,0,1,0,0,1,0,0
EH,2,0,0,1,0,0,2,0,0,1,0,0
EH,0,0,0,1,0,0,0,0,0,1,0,0
EH,2,0,0,0,0,0,2,0,0,0,0,0
EH,2,0,0,1,0,0,2,0,0,1,0,0
EH,3,0,0,1,0,0,2,1,0,1,0,0
EH,2,0,0,0,0,0,2,0,0,0,0,0
EH,0,1,1,0,0,0,0,2,0,0,0,0
EH,0,0,0,1,0,0,0,0,0,1,0,0
EH,0,0,0,1,0,0,0,0,0,1,0,0
EH,0,0,0,2,0,0,0,0,0,2,0,0
EH,0,0,0,1,0,0,0,0,0,1,0,0
EH,0,0,0,1,0,0,0,0,0,1,0,0
EH,1,0,0,0,0,0,1,0,0,0,0,0
EH,0,0,0,1,0,0,0,0,0,1,0,0
EH,0,0,0,2,0,0,0,0,0,2,0,0
EH,1,0,0,1,0,0,1,0,0,1,0,0
EH,0,0,0,1,0,0,0,0,0,1,0,0
EH,1,0,0,0,0,0,1,0,0,0,0,0
EH,0,0,0,2,0,0,0,0,0,2,0,0
EH,2,0,0,0,0,0,2,0,0,0,0,0
EH,0,0,0,1,0,0,0,0,0,1,0,0
EH,0,0,0,2,0,0,0,0,0,2,0,0
EH,2,0,0,0,0,0,2,0,0,0,0,0
EH,2,0,0,0,0,0,2,0,0,0,0,0
EH,2,0,0,0,0,0,2,0,0,0,0,0
EH,1,0,0,1,0,0,1,0,0,1,0,0
EH,1,0,0,0,0,0,1,0,0,0,0,0
EH,1,0,0,0,0,0,1,0,0,0,0,0
EH,1,0,0,0,0,0,1,0,0,0,0,0
EH,0,0,0,1,0,0,0,0,0,1,0,0
EH,0,0,0,1,0,0,0,0,0,1,0,0
EH,0,0,0,2,0,0,0,0,0,2,0,0
EH,2,0,0,0,0,0,2,0,0,0,0,0
EH,0,0,0,1,0,0,0,0,0,1,0,0
EH,0,0,0,2,0,0,0,0,0,2,0,0
EH,0,0,0,2,0,0,0,0,0,1,1,0
EH,0,0,0,2,0,0,0,0,0,2,0,0
EH,2,0,0,0,0,0,2,0,0,0,0,0
EH,0,0,0,2,0,0,0,0,0,2,0,0
EH,2,0,0,0,0,0,2,0,0,0,0,0
EH,0,0,0,1,0,0,0,0,0,1,0,0
EH,2,0,0,0,0,0,2,0,0,0,0,0
EH,0,0,0,1,0,0,0,0,0,1,0,0
EH,0,0,0,2,0,0,0,0,0,2,0,0
EH,0,0,0,1,0,0,0,0,0,1,0,0
EH,0,0,0,1,0,0,0,0,0,1,0,0
EH,1,0,0,0,0,0,1,0,0,0,0,0
EH,0,0,0,1,0,0,0,0,0,1,0,0
EH,0,0,0,1,0,0,0,0,0,0,1,0
EH,0,0,0,1,0,0,0,0,0,1,0,0
EH,0,0,0,0,0,0,1,0,0,1,0,0
EH,2,0,0,0,0,0,2,0,0,0,0,0
EH,0,0,0,1,0,0,0,0,0,1,0,0
EH,1,0,0,2,0,0,1,0,0,2,0,0
EH,1,0,0,0,0,0,1,0,0,0,0,0
EH,2,0,0,0,0,0,2,0,0,0,0,0
EH,3,0,0,1,0,0,3,0,0,1,0,0
EH,1,0,0,0,0,0,1,0,0,0,0,0
EH,1,0,0,0,0,0,1,0,0,0,0,0
EH,2,0,0,0,0,0,2,0,0,0,0,0
EH,1,0,0,0,0,0,1,0,0,0,0,0
EH,1,0,0,1,0,0,1,0,0,1,0,0
EH,0,0,0,1,0,0,0,0,0,1,0,0
EH,0,0,0,1,0,0,0,0,0,1,0,0
EH,1,0,0,0,0,0,1,0,0,0,0,0
EH,1,0,0,0,0,0,1,0,0,0,0,0
EH,1,0,0,1,0,0,1,0,0,1,0,0
EH,2,0,0,2,0,0,2,0,0,2,0,0
EH,1,0,0,0,0,0,1,0,0,0,0,0
EH,2,0,0,0,0,0,2,0,0,0,0,0
EH,0,0,0,2,0,0,0,0,0,2,0,0
EH,1,0,0,1,0,0,1,0,0,1,0,0
EH,2,0,0,0,0,0,2,0,0,0,0,0
EH,0,0,0,0,0,0,1,0,0,1,0,0
EH,0,0,0,0,0,0,1,0,0,0,0,0
EH,3,0,0,0,0,0,3,0,0,0,0,0
EH,1,0,0,0,0,0,1,0,0,0,0,0
EH,2,0,0,0,0,0,2,0,0,0,0,0
EH,2,0,0,0,0,0,2,0,0,0,0,0
EH,1,0,0,1,0,0,1,0,0,1,0,0
EH,2,0,0,0,0,0,2,0,0,0,0,0
EH,1,0,0,1,0,0,1,0,0,1,0,0
EH,1,0,0,1,0,0,1,0,0,1,0,0
EH,2,0,0,0,0,0,2,0,0,0,0,0
EH,2,0,0,0,0,0,2,0,0,0,0,0
EH,1,0,0,0,0,0,1,0,0,0,0,0
EH,1,0,0,1,0,0,1,0,0,1,0,0
EH,1,0,0,1,0,0,1,0,0,1,0,0
EH,1,0,0,1,0,0,1,0,0,1,0,0
EH,0,0,0,1,0,0,0,0,0,1,0,0
EH,1,0,0,0,0,0,1,0,0,0,0,0
EH,2,0,0,0,0,0,2,0,0,0,0,0
EH,0,0,0,1,0,0,0,0,0,1,0,0
EH,0,0,0,2,0,0,0,0,0,2,0,0
EH,2,0,0,0,0,0,2,0,0,0,0,0
EH,0,0,0,2,0,0,0,0,0,2,0,0
EH,0,0,0,1,0,0,0,0,0,1,0,0
EH,0,0,0,1,0,0,0,0,0,1,0,0
EH,1,0,0,0,0,0,1,0,0,0,0,0
EH,0,0,0,2,0,0,0,0,0,2,0,0
EH,1,0,0,0,0,0,1,0,0,0,0,0
EH,1,0,0,1,0,0,1,0,0,1,0,0
EH,0,0,0,2,0,0,0,0,0,2,0,0
EH,0,0,0,1,0,0,0,0,0,1,0,0
EH,0,0,0,1,0,0,0,0,0,1,0,0
EH,1,0,0,0,0,0,1,0,0,0,0,0
EH,0,0,0,2,0,0,0,0,0,2,0,0
EH,0,0,0,2,0,0,0,0,0,2,0,0
EH,0,0,0,1,0,0,0,0,0,1,0,0
EH,1,0,0,0,0,0,1,0,0,0,0,0
EH,1,0,0,0,0,0,1,0,0,0,0,0
EH,1,0,0,0,0,0,1,0,0,0,0,0
EH,2,0,0,0,0,0,2,0,0,0,0,0
EH,1,0,0,0,0,0,1,0,0,0,0,0
EH,1,0,0,0,0,0,1,0,0,0,0,0
EH,1,0,0,0,0,0,1,0,0,0,0,0
EH,1,0,0,0,0,0,1,0,0,0,0,0
EH,1,0,0,0,0,0,1,0,0,0,0,0
EH,1,0,0,1,0,0,1,0,0,1,0,0
EH,2,0,0,0,0,0,2,0,0,0,0,0
EH,2,0,0,0,0,0,2,0,0,0,0,0
EH,2,0,0,0,0,0,2,0,0,0,0,0
EH,3,0,0,0,0,0,3,0,0,0,0,0
EH,0,0,0,2,0,0,0,0,0,2,0,0
EH,1,1,0,0,0,0,1,1,0,0,0,0
EH,2,0,0,0,0,0,2,0,0,0,0,0
EH,0,1,0,0,0,0,0,0,0,0,0,0
EH,3,0,0,0,0,0,3,0,0,0,0,0
EH,1,0,0,0,0,0,1,0,0,0,0,0
EH,0,0,0,3,0,0,0,0,0,3,0,0
EH,1,0,0,3,0,0,1,0,0,3,0,0
EH,2,0,0,0,0,0,2,0,0,0,0,0
EH,1,0,0,1,0,0,1,0,0,1,0,0
EH,1,0,0,1,0,0,1,0,0,1,0,0
EH,1,0,0,0,0,0,0,0,0,0,0,0
EH,1,0,0,0,0,0,1,0,0,0,0,0
EH,1,0,0,0,0,0,0,0,0,0,0,0
EH,1,0,0,0,0,0,1,0,0,0,0,0
EH,3,0,0,0,0,0,3,0,0,0,0,0
EH,1,0,0,0,0,0,1,0,0,0,0,0
EH,0,0,0,0,0,0,0,0,0,0,0,0
EH,0,0,0,1,0,0,0,0,0,1,0,0
EH,0,0,0,1,0,0,0,0,0,1,0,0
EH,0,0,1,0,0,0,0,0,1,0,0,0
EH,1,0,0,0,0,0,1,0,0,0,0,0
EH,2,0,0,0,0,0,2,0,0,0,0,0
EH,0,0,0,0,0,0,0,0,0,1,0,0
EH,0,0,0,1,0,0,0,0,0,1,0,0
EH,1,0,0,1,0,0,1,0,0,1,0,0
EH,1,0,0,1,0,0,1,0,0,1,0,0
EH,2,0,0,0,0,0,2,0,0,0,0,0
EH,2,0,0,0,0,0,2,0,0,0,0,0
EH,1,0,0,1,0,0,1,0,0,1,0,0
EH,0,0,0,2,0,0,0,0,0,1,0,0
EH,0,0,0,1,0,0,0,0,0,1,0,0
EH,2,0,0,0,0,0,2,0,0,0,0,0
EH,1,0,0,2,0,0,1,0,0,2,0,0
EH,2,0,0,0,0,0,2,0,0,0,0,0
EH,1,0,0,0,0,0,1,0,0,0,0,0
EH,1,0,0,0,0,0,1,0,0,0,0,0
EH,2,0,0,0,0,0,2,0,0,0,0,0
EH,1,0,0,0,0,0,1,0,0,0,0,0
EH,1,0,0,0,0,0,1,0,0,0,0,0
EH,1,0,0,0,0,0,1,0,0,0,0,0
EH,0,0,0,0,0,0,0,0,0,0,0,0
EH,0,0,0,2,0,0,0,0,0,2,0,0
EH,1,0,0,0,0,0,1,0,0,0,0,0
EH,3,0,0,0,0,0,3,0,0,0,0,0
EH,1,0,0,0,0,0,1,0,0,0,0,0
EH,1,0,0,0,0,0,1,0,0,0,0,0
EH,2,0,0,0,0,0,2,0,0,0,0,0
EH,0,0,0,2,0,0,0,0,0,2,0,0
EH,0,0,0,1,0,0,0,0,0,1,0,0
EH,0,0,0,2,0,0,0,0,0,2,0,0
EH,1,0,0,1,0,0,1,0,0,1,0,0
EH,0,0,0,1,0,0,0,0,0,1,0,0
EH,0,0,0,2,0,0,0,0,0,2,0,0
EH,1,0,0,0,0,0,1,0,0,0,0,0
EH,1,0,0,2,0,0,1,0,0,2,0,0
EH,0,0,0,2,0,0,0,0,0,2,0,0
EH,1,0,0,1,0,0,1,0,0,1,0,0
EH,1,0,0,1,0,0,1,0,0,1,0,0
EH,0,0,0,3,0,0,0,0,0,3,0,0
EH,1,0,0,0,0,0,1,0,0,0,0,0
EH,2,0,0,0,0,0,2,0,0,0,0,0
EH,0,0,0,1,0,0,0,0,0,1,0,0
EH,3,0,0,0,0,0,3,0,0,0,0,0
EH,0,0,0,0,0,0,0,0,0,1,0,0
EH,1,0,0,0,0,0,1,0,0,0,0,0
EH,0,0,0,1,0,0,0,0,0,1,0,0
EH,1,0,0,2,0,0,1,0,0,2,0,0
EH,0,0,0,1,0,0,0,0,0,1,0,0
EH,1,0,0,0,0,0,1,0,0,0,0,0
EH,0,0,0,2,0,0,0,0,0,2,0,0
EH,2,0,0,0,0,0,2,0,0,0,0,0
EH,1,0,0,0,0,0,1,0,0,0,0,0
EH,0,0,0,1,0,0,0,0,0,1,0,0
EH,1,0,0,0,0,0,1,0,0,0,0,0
EH,0,0,0,1,0,0,0,0,0,1,0,0
EH,1,0,0,0,0,0,1,0,0,0,0,0
EH,0,0,0,3,0,0,0,0,0,3,0,0
EH,0,0,0,1,0,0,0,0,0,1,0,0
EH,2,0,0,0,0,0,2,0,0,0,0,0
EH,2,0,0,0,0,0,2,0,0,0,0,0
EH,1,0,0,0,0,0,1,0,0,0,0,0
EH,2,0,0,0,0,0,2,0,0,0,0,0
EH,0,0,0,2,0,0,0,0,0,2,0,0
EH,2,0,0,0,0,0,2,0,0,0,0,0
EH,0,0,0,1,0,0,0,0,0,1,0,0
EH,2,0,0,0,0,0,2,0,0,0,0,0
EH,2,0,0,0,0,0,2,0,0,0,0,0
EH,1,0,0,0,0,0,1,0,0,0,0,0
EH,0,0,0,1,0,0,0,0,0,1,0,0
EH,0,0,0,0,0,0,0,0,0,0,0,0
EH,1,0,0,0,0,0,1,0,0,0,0,0
EH,2,0,0,0,0,0,2,0,0,0,0,0
EH,1,0,0,0,0,0,1,0,0,0,0,0
EH,1,0,0,0,0,0,1,0,0,0,0,0
EH,0,0,0,1,0,0,0,0,0,1,0,0
EH,1,0,0,0,0,0,1,0,0,0,0,0
EH,2,0,0,0,0,0,2,0,0,0,0,0
EH,0,0,0,2,0,0,0,0,0,2,0,0
EH,1,0,0,0,0,0,1,0,0,0,0,0
EH,1,0,0,0,0,0,1,0,0,0,0,0
EH,2,0,0,0,0,0,2,0,0,0,0,0
EH,0,0,0,1,0,0,0,0,0,1,0,0
EH,1,0,0,0,0,0,1,0,0,0,0,0
EH,3,0,0,0,0,0,2,0,0,0,0,0
EH,1,0,0,0,0,0,1,0,0,0,0,0
EH,1,0,0,0,0,0,1,0,0,0,0,0
EH,2,0,0,0,0,0,2,0,0,0,0,0
EH,1,0,0,2,0,0,1,0,0,2,0,0
EH,1,0,0,1,0,0,1,0,0,1,0,0
EH,2,0,0,0,0,0,2,0,0,0,0,0
EH,1,0,0,0,0,0,1,0,0,0,0,0
EH,0,0,0,1,0,0,0,0,0,1,0,0
EH,1,0,0,0,0,0,1,0,0,0,0,0
EH,1,0,0,0,0,0,1,0,0,0,0,0
EH,0,0,0,1,0,0,0,0,0,1,0,0
EH,0,0,0,0,0,0,0,0,0,3,0,0
EH,0,0,0,2,0,0,0,0,0,2,0,0
EH,0,0,0,1,0,0,0,0,0,1,0,0
EH,2,0,0,0,0,0,2,0,0,0,0,0
EH,2,0,0,0,0,0,2,0,0,0,0,0
EH,0,0,0,1,0,0,0,0,0,1,0,0
EH,0,0,0,0,0,0,0,0,0,0,0,0
EH,3,0,0,0,0,0,3,0,0,0,0,0
EH,3,0,0,0,0,0,2,0,1,0,0,0
EH,1,0,0,1,0,0,1,0,0,1,0,0
EH,1,0,0,2,0,0,1,0,0,2,0,0
EH,1,0,0,0,0,0,1,0,0,0,0,0
EH,1,0,0,0,0,0,1,0,0,0,0,0
EH,2,0,0,0,0,0,2,0,0,0,0,0
EH,1,0,0,1,0,0,1,0,0,1,0,0
EH,1,0,0,0,0,0,1,0,0,0,0,0
EH,0,0,0,2,0,0,0,0,0,2,0,0
EH,0,0,0,0,0,0,0,0,0,1,0,0
EH,0,0,0,2,0,0,0,0,0,2,0,0
EH,1,0,0,0,0,0,1,0,0,0,0,0
EH,1,0,0,1,0,0,1,0,0,1,0,0
EH,0,0,0,1,0,0,0,0,0,1,0,0
EH,2,0,0,1,0,0,2,0,0,1,0,0
EH,0,0,0,1,0,0,0,0,0,1,0,0
EH,1,0,0,0,0,0,1,0,0,0,0,0
EH,0,0,0,0,0,0,0,0,0,0,0,0
EH,0,0,0,1,0,0,0,0,0,1,0,0
EH,1,0,0,2,0,0,1,0,0,2,0,0
EH,2,0,0,0,0,0,2,0,0,0,0,0
EH,0,0,0,1,0,0,0,0,0,1,0,0
EH,1,0,0,1,0,0,1,0,0,1,0,0
EH,2,0,0,0,0,0,2,0,0,0,0,0
EH,2,0,0,0,0,0,2,0,0,0,0,0
EH,0,0,0,2,0,0,0,0,0,2,0,0
EH,1,0,0,1,0,0,1,0,0,1,0,0
EH,2,0,0,0,0,0,2,0,0,0,0,0
EH,1,0,0,0,0,0,1,0,0,0,0,0
EH,1,0,0,1,0,0,1,0,0,1,0,0
EH,1,0,0,0,0,0,1,0,0,0,0,0
EH,1,0,0,1,0,0,1,0,0,1,0,0
EH,2,0,0,0,0,0,2,0,0,0,0,0
EH,1,0,0,1,0,0,1,0,0,1,0,0
EH,2,0,0,1,0,0,2,0,0,1,0,0
EH,1,0,0,2,0,0,1,0,0,2,0,0
EH,1,0,0,0,0,0,1,0,0,0,0,0
EH,1,0,0,1,0,0,1,0,0,1,0,0
EH,1,0,0,0,0,0,1,0,0,0,0,0
EH,1,0,0,1,0,0,1,0,0,1,0,0
EH,1,0,0,1,0,0,1,0,0,1,0,0
EH,2,0,0,1,0,0,2,0,0,1,0,0
EH,2,0,0,0,0,0,2,0,0,0,0,0
EH,2,0,0,0,0,0,2,0,0,0,0,0
EH,2,0,0,0,0,0,2,0,0,0,0,0
EH,1,0,0,0,0,0,1,0,0,0,0,0
EH,0,0,0,1,0,0,0,0,0,1,0,0
EH,0,0,0,1,0,0,0,0,0,1,0,0
EH,0,0,0,1,0,0,0,0,0,1,0,0
EH,2,0,0,0,0,0,2,0,0,0,0,0
EH,1,0,0,0,0,0,1,0,0,0,0,0
EH,0,0,0,0,0,1,0,0,0,0,0,1
EH,0,0,0,1,0,0,0,0,0,1,0,0
EH,1,0,0,1,0,0,1,0,0,1,0,0
EH,1,0,0,2,0,0,1,0,0,2,0,0
EH,1,0,0,0,0,0,1,0,0,0,0,0
EH,2,0,0,0,0,0,2,0,0,0,0,0
EH,1,0,0,1,0,0,1,0,0,1,0,0
EH,2,0,0,0,0,0,2,0,0,0,0,0
EH,1,0,0,0,0,0,1,0,0,0,0,0
EH,1,0,0,0,0,0,1,0,0,0,0,0
EH,0,0,0,0,0,0,0,0,0,0,0,0
EH,0,0,0,2,0,0,0,0,0,2,0,0
EH,0,0,0,1,0,0,0,0,0,1,0,0
EH,0,0,0,2,0,0,0,0,0,2,0,0
EH,2,0,0,0,0,0,2,0,0,0,0,0
EH,1,0,0,0,0,0,1,0,0,0,0,0
EH,0,0,0,1,0,0,0,0,0,1,0,0
EH,0,0,0,1,0,0,0,0,0,1,0,0
EH,2,0,0,1,0,0,2,0,0,1,0,0
EH,1,0,0,2,0,0,1,0,0,2,0,0
EH,1,0,0,0,0,0,1,0,0,0,0,0
EH,1,0,0,0,0,0,1,0,0,0,0,0
EH,2,0,0,1,0,0,2,0,0,1,0,0
EH,2,0,0,0,0,0,2,0,0,0,0,0
EH,1,0,0,0,0,0,1,0,0,0,0,0
EH,0,0,0,1,0,0,0,0,0,1,0,0
EH,1,0,0,0,0,0,1,0,0,0,0,0
EH,1,0,0,1,0,0,1,0,0,1,0,0
EH,0,0,0,2,0,0,0,0,0,2,0,0
EH,1,0,0,0,0,0,1,0,0,0,0,0
EH,1,0,0,0,0,0,1,0,0,0,0,0
EH,1,0,0,2,0,0,1,0,0,2,0,0
EH,1,0,0,2,0,0,1,0,0,2,0,0
EH,1,0,0,1,0,0,1,0,0,1,0,0
EH,0,0,0,7,0,0,0,0,0,7,0,0
EH,1,0,0,1,0,0,1,0,0,1,0,0
EH,1,0,0,2,0,0,1,0,0,2,0,0
EH,0,0,0,1,0,0,0,0,0,1,0,0
EH,2,0,0,0,0,0,2,0,0,0,0,0
EH,0,0,0,3,0,0,0,0,0,3,0,0
EH,1,0,0,1,0,0,1,0,0,1,0,0
EH,1,0,0,0,0,0,1,0,0,0,0,0
EH,0,0,0,1,0,0,0,0,0,1,0,0
EH,0,0,0,2,0,0,0,0,0,2,0,0
EH,1,0,0,0,0,0,1,0,0,0,0,0
EH,1,0,0,1,0,0,1,0,0,1,0,0
EH,2,0,0,0,0,0,2,0,0,0,0,0
EH,1,0,0,0,0,0,1,0,0,0,0,0
EH,0,0,0,3,0,0,0,0,0,3,0,0
EH,1,0,0,1,0,0,1,0,0,1,0,0
EH,0,0,0,1,0,0,0,0,0,1,0,0
EH,4,0,0,0,0,0,4,1,0,0,0,0
EH,0,0,0,1,0,0,0,0,0,1,0,0
EH,0,0,0,1,0,0,0,0,0,1,0,0
EH,0,0,0,1,0,0,0,0,0,1,0,0
EH,0,0,0,1,0,0,0,0,0,1,0,0
EH,4,0,0,0,0,0,4,0,0,0,0,0
EH,0,0,0,2,0,0,0,0,0,2,0,0
EH,1,0,0,1,0,0,1,0,0,1,0,0
EH,1,0,0,1,0,0,1,0,0,1,0,0
EH,0,0,0,1,0,0,0,0,0,1,0,0
EH,1,0,0,1,0,0,1,0,0,1,0,0
EH,1,0,0,0,0,0,1,0,0,0,0,0
EH,1,0,0,1,0,0,1,0,0,1,0,0
EH,0,0,0,1,0,0,0,0,0,1,0,0
EH,1,0,0,0,0,0,1,0,0,0,0,0
EH,0,0,0,1,0,0,0,0,0,1,0,0
EH,3,0,0,0,0,0,3,0,0,0,0,0
EH,0,0,1,0,0,0,0,0,0,0,0,0
EH,1,0,0,0,2,0,0,1,0,0,2,0
EH,0,0,0,1,0,0,0,0,0,1,0,0
EH,0,0,0,3,0,0,0,0,0,3,0,0
EH,2,0,0,0,0,0,2,0,0,0,0,0
EH,1,0,0,2,0,0,1,0,0,2,0,0
EH,2,0,0,0,0,0,2,0,0,0,0,0
EH,1,0,0,0,0,0,1,0,0,0,0,0
EH,1,0,0,1,0,0,1,0,0,1,0,0
EH,1,0,0,0,0,0,1,0,0,0,0,0
LG,1,0,0,0,0,0,1,0,0,0,0,0
LG,2,0,0,0,0,0,2,0,0,0,0,0
LG,1,0,0,1,0,0,1,0,0,1,0,0
LG,0,0,0,1,0,0,0,0,0,0,0,1
LG,0,0,0,1,0,0,0,0,0,1,0,0
LG,2,0,0,0,0,0,2,0,0,0,0,0
LG,2,0,0,0,0,0,2,0,0,0,0,0
LG,0,0,0,1,0,0,0,0,0,0,1,0
LG,1,0,0,0,0,0,1,0,0,0,0,0
LG,1,0,0,1,0,0,1,0,0,1,0,0
LG,1,0,0,1,0,0,1,0,0,1,0,0
LG,1,0,0,0,0,0,0,1,0,0,0,0
LG,1,0,0,2,0,0,1,0,0,2,0,0
LG,0,0,0,2,0,0,0,0,0,2,0,0
LG,0,0,0,1,0,0,0,0,0,1,0,0
LG,2,0,0,0,0,0,2,0,0,0,0,0
LG,3,0,0,0,0,0,2,1,0,0,0,0
LG,1,0,0,0,0,0,1,0,0,0,0,0
LG,1,0,0,1,0,0,1,0,0,1,0,0
LG,2,0,0,0,0,0,2,0,0,0,0,0
LG,1,0,0,0,0,0,1,0,0,0,0,0
LG,0,0,0,2,0,0,0,0,0,2,0,0
LG,1,0,0,0,0,0,1,0,0,0,0,0
LG,2,0,0,0,0,0,2,0,0,0,0,0
LG,0,0,0,1,0,0,0,0,0,1,0,0
LG,2,0,0,0,0,0,2,0,0,0,0,0
LG,0,0,0,1,0,0,0,0,0,1,0,0
LG,0,0,0,0,0,0,0,0,0,0,0,0
LG,0,0,0,1,0,0,0,0,0,1,0,0
LG,2,0,0,0,0,0,2,0,0,0,0,0
LG,1,0,0,0,0,0,1,0,0,0,0,0
LG,1,0,0,0,0,0,1,0,0,0,0,0
LG,2,0,0,0,0,0,2,0,0,0,0,0
LG,3,0,0,0,0,0,3,0,0,0,0,0
LG,2,0,0,2,0,0,1,0,0,1,0,0
LG,1,0,0,0,0,0,1,0,0,0,0,0
LG,2,0,0,0,0,0,2,0,0,0,0,0
LG,1,0,0,1,0,0,1,0,0,1,0,0
LG,1,0,0,0,0,0,1,0,0,0,0,0
LG,0,0,0,2,0,0,0,0,0,2,0,0
LG,1,0,0,1,0,0,1,0,0,1,0,0
LG,1,0,0,0,0,0,1,0,0,0,0,0
LG,0,0,0,2,0,0,0,0,0,2,0,0
LG,0,1,0,0,0,0,0,0,0,0,0,0
LG,0,0,0,1,0,0,0,0,0,1,0,0
LG,0,0,0,1,0,0,0,0,0,1,0,0
LG,1,0,0,0,0,0,1,0,0,0,0,0
LG,0,0,0,0,0,0,0,0,0,0,0,0
LG,1,0,0,0,0,0,1,0,0,0,0,0
LG,2,0,0,1,0,0,2,0,0,1,0,0
LG,1,0,0,0,0,0,1,0,0,0,0,0
LG,2,0,0,0,0,0,2,0,0,0,0,0
LG,1,0,0,0,0,0,1,0,0,0,0,0
WH,0,0,0,2,0,0,0,0,0,2,0,0
WH,1,0,0,1,0,0,1,0,0,1,0,0
WH,1,0,0,0,0,0,1,0,0,0,0,0
WH,0,0,0,2,0,0,0,0,0,2,0,0
WH,0,0,0,0,0,0,0,0,0,0,0,0
WH,0,0,0,1,0,0,0,0,0,1,0,0
WH,2,0,0,0,0,0,2,0,0,0,0,0
WH,0,0,0,2,0,0,0,0,0,2,0,0
WH,1,0,0,2,0,0,1,0,0,2,0,0
WH,0,0,0,1,0,0,0,0,0,1,0,0
WH,2,0,0,0,0,0,2,0,0,0,0,0
WH,1,0,0,1,0,0,1,0,0,1,0,0
WH,2,0,0,0,0,0,2,0,0,0,0,0
WH,2,0,0,0,0,0,2,0,0,0,0,0
WH,0,0,0,2,0,0,0,0,0,1,1,0
WH,0,0,0,2,0,0,0,0,0,2,0,0
WH,1,0,0,0,0,0,1,0,0,0,0,0
WH,0,0,0,1,0,0,0,0,0,1,0,0
WH,1,0,0,0,0,0,1,0,0,0,0,0
WH,0,0,0,1,0,0,0,0,0,1,0,0
WH,1,0,0,0,0,0,1,0,0,0,0,0
WH,2,0,0,0,0,0,2,0,0,0,0,0
WH,2,0,0,0,0,0,2,0,0,0,0,0
WH,0,0,0,1,0,0,0,0,0,1,0,0
WH,1,0,0,0,0,0,1,0,0,0,0,0
WH,1,0,0,0,0,0,1,0,0,0,0,0
WH,0,0,0,0,0,0,0,0,0,1,0,0
WH,1,0,0,0,0,0,1,0,0,0,0,0
WH,1,0,0,0,0,0,1,0,0,0,0,0
WH,1,0,0,0,0,0,1,0,0,0,0,0
WH,1,0,0,0,0,0,1,0,0,0,0,0
WH,2,0,0,0,0,0,2,0,0,0,0,0
WH,2,0,0,0,0,0,2,0,0,0,0,0
WH,1,0,0,0,0,0,1,0,0,0,0,0
WH,0,0,0,3,0,0,0,0,0,3,0,0
WH,1,0,0,0,0,0,1,0,0,0,0,0
WH,2,0,0,0,0,0,2,0,0,0,0,0
WH,2,0,0,1,0,0,2,0,0,1,0,0
WH,2,0,0,1,0,0,2,0,0,1,0,0
WH,0,0,0,1,0,0,0,0,0,1,0,0
WH,2,0,0,0,0,0,2,0,0,0,0,0
WH,1,0,0,0,0,0,1,0,0,0,0,0
WH,2,0,0,0,0,0,2,0,0,0,0,0
WH,1,0,0,0,0,0,1,0,0,0,0,0
WH,1,0,0,0,0,0,1,0,0,0,0,0
WH,1,0,0,0,0,0,1,0,0,0,0,0
WH,2,0,0,1,0,0,2,0,0,1,0,0
WH,2,0,0,0,0,0,2,0,0,0,0,0
WH,3,0,0,0,0,0,3,0,0,0,0,0
WH,1,0,0,1,0,0,1,0,0,1,0,0
WH,2,0,0,0,0,0,2,0,0,0,0,0
WH,2,0,0,0,0,0,2,0,0,0,0,0
WH,0,0,0,1,0,0,0,0,0,1,0,0
WH,2,0,0,0,0,0,2,0,0,0,0,0
WH,1,0,0,0,0,0,1,0,0,0,0,0
WH,3,0,0,2,0,0,3,0,0,2,0,0
WH,1,0,0,0,0,0,1,0,0,0,0,0
WH,0,0,0,2,0,0,0,0,0,2,0,0
WH,1,0,0,0,0,0,1,0,0,0,0,0
WH,2,0,0,0,0,0,2,0,0,0,0,0
WH,1,0,0,0,0,0,1,0,0,0,0,0
WH,0,0,0,1,0,0,0,0,0,1,0,0
WH,2,0,0,0,0,0,2,0,0,0,0,0
WH,0,0,0,2,0,0,0,0,0,2,0,0
WH,1,0,0,0,0,0,1,0,0,0,0,0
WH,0,0,0,1,0,0,0,0,0,1,0,0
WH,0,0,0,2,0,0,0,0,0,2,0,0
WH,1,0,0,0,0,0,1,0,0,0,0,0
WH,1,0,0,1,0,0,1,0,0,1,0,0
WH,0,0,0,1,0,0,0,0,0,1,0,0
WH,1,0,0,0,0,0,1,0,0,0,0,0
WH,1,0,0,0,0,0,1,0,0,0,0,0
WH,1,0,0,0,0,0,1,0,0,0,0,0
WH,1,0,0,0,0,0,1,0,0,0,0,0
WH,0,0,0,1,0,0,0,0,0,1,0,0
WH,0,0,0,1,0,0,0,0,0,0,1,0
WH,2,0,0,0,0,0,2,0,0,0,0,0
WH,0,0,0,1,0,0,0,0,0,1,0,0
WH,1,0,0,0,0,0,1,0,0,0,0,0
WH,2,0,0,0,0,0,2,0,0,0,0,0
WH,1,0,0,0,0,0,1,0,0,0,0,0
WH,2,0,0,0,0,0,2,0,0,0,0,0
WH,1,0,0,0,0,0,1,0,0,0,0,0
WH,0,0,0,1,0,0,0,0,0,1,0,0
WH,1,0,0,2,0,0,1,0,0,2,0,0
WH,0,0,0,0,0,1,0,0,0,0,0,0
WH,2,0,0,0,0,0,2,0,0,0,0,0
WH,2,0,0,0,0,0,2,0,0,0,0,0
WH,1,0,0,0,0,0,0,0,1,0,0,0
WH,1,0,0,1,0,0,1,0,0,1,0,0
WH,1,0,0,0,0,0,1,0,0,0,0,0
WH,0,0,0,2,0,0,0,0,0,2,0,0
WH,1,0,0,1,0,0,1,0,0,1,0,0
WH,0,0,0,2,0,0,0,0,0,2,0,0
WH,0,0,0,1,0,0,0,0,0,1,0,0
WH,1,0,0,1,0,0,1,0,0,1,0,0
WH,2,0,0,0,0,0,1,0,1,0,0,0
WH,1,0,0,1,0,0,1,0,0,1,0,0
WH,2,0,0,0,0,0,2,0,0,0,0,0
WH,2,0,0,0,0,0,2,0,0,0,0,0
WH,1,0,0,0,0,0,1,0,0,0,0,0
WH,0,0,0,2,0,0,0,0,0,2,0,0
WH,2,0,0,0,0,0,2,0,0,0,0,0
WH,1,0,0,0,0,0,1,0,0,0,0,0
WH,1,0,0,0,0,0,1,0,0,0,0,0
WH,1,0,0,0,0,0,1,0,0,0,0,0
WH,0,0,0,1,0,0,0,0,0,1,0,0
WH,0,0,0,1,0,0,0,0,0,0,0,1
WH,1,0,0,0,0,0,0,0,0,0,0,0
WH,1,0,0,0,0,0,1,0,0,0,0,0
WH,0,0,0,2,0,0,0,0,0,2,0,0
WH,0,0,0,1,0,0,0,0,0,1,0,0
WH,0,0,0,0,0,0,0,0,0,0,0,0
WH,2,0,0,0,0,0,2,0,0,0,0,0
WH,1,0,0,0,0,0,1,0,0,0,0,0
WH,1,0,0,0,0,0,1,0,0,0,0,0
WH,2,0,0,0,0,0,2,0,0,0,0,0
WH,1,0,0,2,0,0,1,0,0,2,0,0
WH,1,0,0,0,0,0,0,1,0,0,0,0
WH,0,0,0,2,0,0,0,0,0,2,0,0
WH,1,0,0,0,0,0,1,0,0,0,0,0
WH,0,0,0,1,0,0,0,0,0,1,0,0
WH,1,0,0,1,0,0,1,0,0,1,0,0
WH,0,0,0,1,0,0,0,0,0,1,0,0
WH,0,0,0,1,0,0,0,0,0,0,0,1
WH,1,0,0,0,0,0,1,0,0,0,0,0
WH,1,0,0,0,0,0,1,0,0,0,0,0
WH,1,0,0,0,0,0,1,0,0,0,0,0
WH,2,0,0,0,0,0,2,0,0,0,0,0
WH,0,1,0,1,0,0,0,1,0,1,0,0
WH,2,0,0,0,0,0,2,0,0,0,0,0
WH,0,0,0,1,0,0,0,0,0,1,0,0
WH,2,0,0,0,0,0,2,0,0,0,0,0
WH,0,0,0,0,0,0,0,0,0,0,0,0
WH,0,0,0,1,0,0,0,0,0,1,0,0
WH,1,0,0,0,0,0,1,0,0,0,0,0
WH,1,0,0,1,0,0,1,0,0,1,0,0
WH,0,0,0,3,0,0,0,0,0,3,0,0
WH,0,0,0,1,0,0,0,0,0,1,0,0
WH,0,0,0,2,0,0,0,0,0,2,0,0
WH,0,0,0,0,0,2,0,0,0,0,0,0
WH,3,0,0,1,0,0,3,0,0,1,0,0
WH,0,0,0,1,0,0,0,0,0,1,0,0